"Reference","Value","Datasheet","Footprint","Qty","DNP","Description"
"A1","Arduino_UNO_R3 with uUSB and Cable","https://www.arduino.cc/en/Main/arduinoBoardUno","GeneralPurposeAlarmDevicePCB:Arduino_UNO_R3_NoMountingHoles3D_Text_Top_&_Bottom","1","","Arduino UNO EXCEPT with micro USB"
"BZ1","Buzzer_D12mm_H9.6mm_LS7.6mm","https://jlcpcb.com/partdetail/ss-SUN_12095_5VPA76/C360615","PubInv_KiCad_PCB:Buzzer_12.2mm_9.7mm_7.62mm","1","",""
"C1","0.1uF","~","Capacitor_SMD:C_0603_1608Metric_Pad1.08x0.95mm_HandSolder","1","","50V 100nF X7R ±10% 0603 Multilayer Ceramic Capacitors MLCC - SMD/SMT ROHS"
"Cable_MoldedFemale1","Cable_02x06_Female","https://www.amazon.com/807-Connectors-Extension-Connector-Way-Socket/dp/B07SR28CG4/ref=sr_1_1?th=1","","1","","807 Square 6-Way Trailer Wiring Harness Connectors,6 pin Square Trailer Wire Extension for LED Brake Tailgate Light Bars,Hitch Light Trailer Wiring Harness Extension Connector (6 Way-Socket)"
"Cable_MoldedMale1","Cable_02x06_Male","https://www.amazon.com/807-Connectors-Extension-Connector-Way-Socket/dp/B07SR2H8GH/ref=sr_1_1?th=1","","1","","Cable_02x06_Male"
"Cable_Ribbon1","Cable_02x05","https://www.amazon.com/gp/product/B01DP13EDA/ref=ox_sc_saved_title_2?smid=A64W1E1ZZHST0&th=1","","1","","Cable_02x05"
"D1","Schottky 2A","SS210.pdf","Diode_SMD:D_SMB","1","",""
"F1","Polyfuse 6A","BSMD1812-300-16V.pdf","GeneralPurposeAlarmDevicePCB:Fuse_BSMD_1812","1","","16V 3A 40A 6A 1812 Resettable Fuses ROHS"
"H1,H2,H3,H4,H5,H6","MountingHole_Pad_3.5mm","~","GeneralPurposeAlarmDevicePCB:MountingHole_3.5mm_Pad_Via","6","","MountingHole_Pad_3.5mm"
"J1","Barrel_Jack_Switch_SMT","https://tensility.s3.amazonaws.com/uploads/pdffiles/54-00164.pdf","GeneralPurposeAlarmDevicePCB:BarrelJack_CLIFF_FC681465S_SMT_Horizontal","1","","Power Barrel Connector Jack 2.10mm ID (0.083""), 5.50mm OD (0.217"") Surface Mount, Right Angle"
"J2","HS96L03W2C03_0.96_Oled","~","GeneralPurposeAlarmDevicePCB:OLED_HS96L03W2C03_0.96_WithNuts","1","","OLED Displays Modules ROHS"
"J5,J10","Conn_02x05_Odd_Even","C5665.pdf","Connector_IDC:IDC-Header_2x05_P2.54mm_Vertical","2","","2.54mm Straight 2x5P 5 Push - Pull 2.54mm 2 Plugin,P=2.54mm IDC Connectors ROHS"
"J6,J9","Screw_Terminal_01x06","https://jlcpcb.com/partdetail/Cixi_KefaElec-KF128_2_546P/C474924","GeneralPurposeAlarmDevicePCB:1x6P 20A -40℃~+105℃ 300V Green 12~30 Straight pin 5.08mm 2.5 1 6 Plugin,P=5.08mm Screw terminal ROHS","2","","1x6P -40℃~+105℃ 8A 130V Green 18~26 Straight 2.54mm 1 1 6 Plugin,P=2.54mm Screw terminal ROHS"
"J11","Screw_Terminal_01x02","XY308-2.54-2P.pdf","TerminalBlock_TE-Connectivity:TerminalBlock_TE_282834-2_1x02_P2.54mm_Horizontal","1","","1x2P 6A 150V Green 18~26 Straight 2.54mm 1 1 2 Plugin,P=2.54mm Screw terminal ROHS"
"MF1,MF2,MF3","CAP TACTILE ROUND IVORY 6.00mm Dia","https://omronfs.omron.com/en_US/ecb/products/pdf/en-b32.pdf","B32-2000","3","","Round Tactile Switch Cap Ivory Slip On, 6.00mm Dia x 5.50mm H"
"MF4,MF5,MF6,MF8","SMD_round_nut_M2*4*5+1.5","file:///Users/melanielaporte/Downloads/TH162050CTJ.pdf","TH162050CTJ","4","",""
"MF7,MF9,MF10,MF11","Steel Pan Head Phillips Screw M2 x 0.4 mm Thread, 6 mm Long","https://www.mcmaster.com/92005a023/","","4","",""
"MF12","250V 3A Straight Square Pins 2.5mm 4P 6mm -40℃~+105℃ 3mm 2.54mm Plugin Black 1x4P Plugin,P=2.54mm Pin Headers ROHS","https://jlcpcb.com/partdetail/Xfcn-PZ254V_1104P/C2691448","PZ254V-11-04P","1","",""
"Q1","IRF540N","http://www.irf.com/product-info/datasheets/data/irf540n.pdf","Package_TO_SOT_THT:TO-220-3_Horizontal_TabDown","1","","100V 33A 44mΩ@10V,16A 130W N Channel TO-220 MOSFETs ROHS"
"Q2","BSS138","https://www.onsemi.com/pub/Collateral/BSS138-D.PDF","Package_TO_SOT_SMD:SOT-23","1","","N-Channel Enhancement Mode Field Effect Transistor"
"R1,R7","1R","https://www.amazon.com/Momentary-Tactile-Through-Breadboard-Friendly/dp/B07WF76VHT/","Resistor_SMD:R_0603_1608Metric_Pad0.98x0.95mm_HandSolder","2","","0.1W ±5% 1Ω 0603 Chip Resistor - Surface Mount ROHS"
"R3,R4,R5,R6,R9","1K","RMC06031K1%N.pdf","Resistor_SMD:R_0603_1608Metric_Pad0.98x0.95mm_HandSolder","5","","0.1W ±1% 1kΩ 0603 Chip Resistor - Surface Mount ROHS"
"R8","Heater","https://www.sparkfun.com/products/11288","","1","","Heating Pad - 5x10cm"
"R10","10K","RMC06031K1%N.pdf","Resistor_SMD:R_0603_1608Metric_Pad0.98x0.95mm_HandSolder","1","","100mW ±1% 10kΩ 0603 Chip Resistor - Surface Mount ROHS"
"SW1,SW2,SW3","6mm 2 Pin Tact NO Breadboard Friendly","http://www.apem.com/int/index.php?controller=attachment&id_attachment=1371","GeneralPurposeAlarmDevicePCB:Switch_Tactile_THT_6x6mm","3","",""
"U1","TMP36GRTZ-REEL7","https://www.analog.com/media/en/technical-documentation/data-sheets/TMP35_36_37.pdf","Package_TO_SOT_SMD:SOT-23-5","1","",""
